#id,firstName,lastName,institution,state,categoryId,categoryName,description,type,isProfessional,score1,score2,score3,score4,score5
101,Cyber,Titans,UTM,Johor,1,Cybersecurity,"Network defense",student,false,3,4,3,4,4
102,AI,Innovators,UM,Kuala Lumpur,2,Artificial Intelligence,"AI for good",student,false,4,5,4,5,5
103,Web,Wizards,SEGi,Selangor,3,Web Development,"PWA project",student,false,3,3,4,4,3
104,Data,Pros,UTP,Perak,4,Data Science,"Analytics",professional,true,5,4,5,4,5
105,Secure,Systems,MMU,Melaka,1,Cybersecurity,"Cloud security",professional,true,4,4,5,5,4
